{
  "products": [
    {
      "Productname": "fish",
      "photo": "https://images.pexels.com/photos/229789/pexels-photo-229789.jpeg?auto=compress&cs=tinysrgb&w=600",
      "id": 1,
      "qty": 5
    },
    {
      "Productname": "chicken",
      "photo": "https://images.pexels.com/photos/616354/pexels-photo-616354.jpeg?auto=compress&cs=tinysrgb&w=600",
      "id": 1,
      "qty": 5
    },
    {
      "id": 2,
      "Productname": "peanut",
      "photo": "https://images.pexels.com/photos/2112789/pexels-photo-2112789.jpeg?auto=compress&cs=tinysrgb&w=600",
      "qty": 4
    },
    {
      "id": 5,
      "Productname": "grapes",
      "photo": "https://images.pexels.com/photos/70862/pexels-photo-70862.jpeg?auto=compress&cs=tinysrgb&w=600",
      "qty": 2
    },
    {
      "id": 7,
      "Productname": "papaya",
      "photo": "https://images.pexels.com/photos/5946066/pexels-photo-5946066.jpeg?auto=compress&cs=tinysrgb&w=600",
      "qty": 1
    },
    {
      "id": 3,
      "Productname": "almond",
      "photo": "https://images.pexels.com/photos/57042/pexels-photo-57042.jpeg?auto=compress&cs=tinysrgb&w=600",
      "qty": 1
    }
  ]
}